agent_seed,episode,layout_seed,outcome,steps
0,0,10000,GoalReached,91
0,1,10001,Timeout,100
0,2,10002,Timeout,100
0,3,10003,Caught,49
0,4,10004,Timeout,100
0,5,10005,Caught,99
0,6,10006,Timeout,100
0,7,10007,GoalReached,50
0,8,10008,Timeout,100
0,9,10009,Timeout,100
0,10,10010,Timeout,100
0,11,10011,Timeout,100
0,12,10012,Timeout,100
0,13,10013,Timeout,100
0,14,10014,Timeout,100
0,15,10015,Timeout,100
0,16,10016,Timeout,100
0,17,10017,Timeout,100
0,18,10018,Timeout,100
0,19,10019,Timeout,100
0,20,10020,Timeout,100
0,21,10021,Timeout,100
0,22,10022,Timeout,100
0,23,10023,Timeout,100
0,24,10024,Timeout,100
0,25,10025,Timeout,100
0,26,10026,Timeout,100
0,27,10027,Caught,44
0,28,10028,Caught,24
0,29,10029,Timeout,100
0,30,10030,Caught,64
0,31,10031,Timeout,100
0,32,10032,Timeout,100
0,33,10033,Timeout,100
0,34,10034,Timeout,100
0,35,10035,Timeout,100
0,36,10036,Caught,15
0,37,10037,Timeout,100
0,38,10038,Timeout,100
0,39,10039,Timeout,100
0,40,10040,Timeout,100
0,41,10041,Caught,95
0,42,10042,Timeout,100
0,43,10043,Timeout,100
0,44,10044,Timeout,100
0,45,10045,Timeout,100
0,46,10046,Caught,42
0,47,10047,Timeout,100
0,48,10048,Timeout,100
0,49,10049,Caught,13
0,50,10050,Timeout,100
0,51,10051,Timeout,100
0,52,10052,Caught,80
0,53,10053,Timeout,100
0,54,10054,Timeout,100
0,55,10055,Timeout,100
0,56,10056,Timeout,100
0,57,10057,Timeout,100
0,58,10058,Timeout,100
0,59,10059,Timeout,100
0,60,10060,Timeout,100
0,61,10061,Timeout,100
0,62,10062,Timeout,100
0,63,10063,Timeout,100
0,64,10064,Timeout,100
0,65,10065,Timeout,100
0,66,10066,Timeout,100
0,67,10067,Timeout,100
0,68,10068,Timeout,100
0,69,10069,Timeout,100
0,70,10070,Timeout,100
0,71,10071,Timeout,100
0,72,10072,Timeout,100
0,73,10073,Timeout,100
0,74,10074,Timeout,100
0,75,10075,Caught,91
0,76,10076,Caught,70
0,77,10077,Timeout,100
0,78,10078,Timeout,100
0,79,10079,Caught,27
0,80,10080,Timeout,100
0,81,10081,Timeout,100
0,82,10082,Timeout,100
0,83,10083,Timeout,100
0,84,10084,Timeout,100
0,85,10085,Caught,1
0,86,10086,Timeout,100
0,87,10087,Timeout,100
0,88,10088,Timeout,100
0,89,10089,Caught,74
0,90,10090,Timeout,100
0,91,10091,Timeout,100
0,92,10092,Caught,95
0,93,10093,Timeout,100
0,94,10094,Timeout,100
0,95,10095,Timeout,100
0,96,10096,Timeout,100
0,97,10097,Timeout,100
0,98,10098,Timeout,100
0,99,10099,Timeout,100
0,100,10100,Timeout,100
0,101,10101,Timeout,100
0,102,10102,Timeout,100
0,103,10103,Timeout,100
0,104,10104,Caught,40
0,105,10105,Timeout,100
0,106,10106,Timeout,100
0,107,10107,Caught,88
0,108,10108,Timeout,100
0,109,10109,Caught,43
0,110,10110,Timeout,100
0,111,10111,Caught,28
0,112,10112,Timeout,100
0,113,10113,Caught,19
0,114,10114,Timeout,100
0,115,10115,Caught,12
0,116,10116,Caught,31
0,117,10117,Timeout,100
0,118,10118,Timeout,100
0,119,10119,Caught,3
0,120,10120,Caught,5
0,121,10121,Caught,50
0,122,10122,Timeout,100
0,123,10123,Timeout,100
0,124,10124,Timeout,100
0,125,10125,Caught,13
0,126,10126,Timeout,100
0,127,10127,Caught,10
0,128,10128,Timeout,100
0,129,10129,Timeout,100
0,130,10130,Timeout,100
0,131,10131,Timeout,100
0,132,10132,Timeout,100
0,133,10133,Timeout,100
0,134,10134,Caught,57
0,135,10135,Timeout,100
0,136,10136,Caught,31
0,137,10137,Timeout,100
0,138,10138,Timeout,100
0,139,10139,Timeout,100
0,140,10140,Timeout,100
0,141,10141,Timeout,100
0,142,10142,Caught,52
0,143,10143,Caught,8
0,144,10144,Timeout,100
0,145,10145,Timeout,100
0,146,10146,Timeout,100
0,147,10147,Timeout,100
0,148,10148,Caught,35
0,149,10149,Timeout,100
0,150,10150,Timeout,100
0,151,10151,Timeout,100
0,152,10152,Timeout,100
0,153,10153,Timeout,100
0,154,10154,Timeout,100
0,155,10155,Timeout,100
0,156,10156,Timeout,100
0,157,10157,Timeout,100
0,158,10158,Timeout,100
0,159,10159,Timeout,100
0,160,10160,Caught,21
0,161,10161,Timeout,100
0,162,10162,Timeout,100
0,163,10163,Caught,5
0,164,10164,Timeout,100
0,165,10165,Timeout,100
0,166,10166,Timeout,100
0,167,10167,Timeout,100
0,168,10168,Timeout,100
0,169,10169,Caught,9
0,170,10170,Timeout,100
0,171,10171,Timeout,100
0,172,10172,Timeout,100
0,173,10173,Timeout,100
0,174,10174,Timeout,100
0,175,10175,Caught,32
0,176,10176,Timeout,100
0,177,10177,Timeout,100
0,178,10178,Timeout,100
0,179,10179,Timeout,100
0,180,10180,Caught,80
0,181,10181,Timeout,100
0,182,10182,Timeout,100
0,183,10183,Timeout,100
0,184,10184,Timeout,100
0,185,10185,Timeout,100
0,186,10186,Timeout,100
0,187,10187,Timeout,100
0,188,10188,Timeout,100
0,189,10189,Caught,89
0,190,10190,Timeout,100
0,191,10191,Timeout,100
0,192,10192,Caught,98
0,193,10193,Timeout,100
0,194,10194,Caught,43
0,195,10195,Caught,74
0,196,10196,Timeout,100
0,197,10197,Timeout,100
0,198,10198,Timeout,100
0,199,10199,Timeout,100
1,0,10000,Caught,89
1,1,10001,Timeout,100
1,2,10002,Timeout,100
1,3,10003,Timeout,100
1,4,10004,Timeout,100
1,5,10005,Timeout,100
1,6,10006,Timeout,100
1,7,10007,Timeout,100
1,8,10008,Timeout,100
1,9,10009,Caught,32
1,10,10010,Timeout,100
1,11,10011,Caught,82
1,12,10012,Timeout,100
1,13,10013,Timeout,100
1,14,10014,Timeout,100
1,15,10015,Timeout,100
1,16,10016,Timeout,100
1,17,10017,Timeout,100
1,18,10018,Timeout,100
1,19,10019,Timeout,100
1,20,10020,Timeout,100
1,21,10021,Timeout,100
1,22,10022,Timeout,100
1,23,10023,Timeout,100
1,24,10024,Timeout,100
1,25,10025,Timeout,100
1,26,10026,Caught,14
1,27,10027,Timeout,100
1,28,10028,Timeout,100
1,29,10029,Timeout,100
1,30,10030,Timeout,100
1,31,10031,Timeout,100
1,32,10032,Timeout,100
1,33,10033,Timeout,100
1,34,10034,Caught,88
1,35,10035,Timeout,100
1,36,10036,Timeout,100
1,37,10037,Caught,48
1,38,10038,Timeout,100
1,39,10039,Timeout,100
1,40,10040,Timeout,100
1,41,10041,Caught,11
1,42,10042,Timeout,100
1,43,10043,Timeout,100
1,44,10044,Caught,3
1,45,10045,Caught,35
1,46,10046,Caught,48
1,47,10047,Timeout,100
1,48,10048,Timeout,100
1,49,10049,Caught,68
1,50,10050,Timeout,100
1,51,10051,Timeout,100
1,52,10052,Timeout,100
1,53,10053,Timeout,100
1,54,10054,Timeout,100
1,55,10055,GoalReached,90
1,56,10056,Timeout,100
1,57,10057,Caught,53
1,58,10058,Timeout,100
1,59,10059,Timeout,100
1,60,10060,Caught,29
1,61,10061,Timeout,100
1,62,10062,GoalReached,64
1,63,10063,Timeout,100
1,64,10064,Timeout,100
1,65,10065,Caught,72
1,66,10066,Timeout,100
1,67,10067,Timeout,100
1,68,10068,Caught,93
1,69,10069,Timeout,100
1,70,10070,Timeout,100
1,71,10071,Timeout,100
1,72,10072,Timeout,100
1,73,10073,Timeout,100
1,74,10074,Caught,99
1,75,10075,Timeout,100
1,76,10076,Timeout,100
1,77,10077,Caught,66
1,78,10078,Caught,93
1,79,10079,Timeout,100
1,80,10080,Timeout,100
1,81,10081,Timeout,100
1,82,10082,Caught,66
1,83,10083,Caught,64
1,84,10084,Timeout,100
1,85,10085,Caught,3
1,86,10086,Timeout,100
1,87,10087,Timeout,100
1,88,10088,Timeout,100
1,89,10089,Timeout,100
1,90,10090,Timeout,100
1,91,10091,Timeout,100
1,92,10092,Caught,30
1,93,10093,Timeout,100
1,94,10094,Caught,12
1,95,10095,Timeout,100
1,96,10096,Timeout,100
1,97,10097,Timeout,100
1,98,10098,Timeout,100
1,99,10099,Timeout,100
1,100,10100,Timeout,100
1,101,10101,Timeout,100
1,102,10102,Timeout,100
1,103,10103,Timeout,100
1,104,10104,Timeout,100
1,105,10105,Caught,35
1,106,10106,Caught,29
1,107,10107,Timeout,100
1,108,10108,Timeout,100
1,109,10109,Timeout,100
1,110,10110,Caught,81
1,111,10111,Caught,19
1,112,10112,Timeout,100
1,113,10113,Caught,88
1,114,10114,Timeout,100
1,115,10115,Caught,87
1,116,10116,Timeout,100
1,117,10117,Timeout,100
1,118,10118,Timeout,100
1,119,10119,Caught,2
1,120,10120,Caught,14
1,121,10121,Timeout,100
1,122,10122,Timeout,100
1,123,10123,Timeout,100
1,124,10124,GoalReached,90
1,125,10125,Caught,17
1,126,10126,Timeout,100
1,127,10127,Caught,10
1,128,10128,Timeout,100
1,129,10129,Timeout,100
1,130,10130,Timeout,100
1,131,10131,Timeout,100
1,132,10132,Timeout,100
1,133,10133,Timeout,100
1,134,10134,Caught,26
1,135,10135,Caught,60
1,136,10136,GoalReached,59
1,137,10137,Timeout,100
1,138,10138,Timeout,100
1,139,10139,Timeout,100
1,140,10140,Timeout,100
1,141,10141,Caught,32
1,142,10142,Timeout,100
1,143,10143,Caught,4
1,144,10144,Timeout,100
1,145,10145,Timeout,100
1,146,10146,Timeout,100
1,147,10147,Timeout,100
1,148,10148,Caught,39
1,149,10149,GoalReached,92
1,150,10150,Timeout,100
1,151,10151,Timeout,100
1,152,10152,Timeout,100
1,153,10153,Timeout,100
1,154,10154,Timeout,100
1,155,10155,Timeout,100
1,156,10156,Timeout,100
1,157,10157,Timeout,100
1,158,10158,Timeout,100
1,159,10159,Timeout,100
1,160,10160,Timeout,100
1,161,10161,GoalReached,76
1,162,10162,Timeout,100
1,163,10163,Caught,32
1,164,10164,Timeout,100
1,165,10165,Timeout,100
1,166,10166,Timeout,100
1,167,10167,Timeout,100
1,168,10168,Timeout,100
1,169,10169,Timeout,100
1,170,10170,Caught,19
1,171,10171,Timeout,100
1,172,10172,Timeout,100
1,173,10173,Timeout,100
1,174,10174,Timeout,100
1,175,10175,Timeout,100
1,176,10176,Timeout,100
1,177,10177,Timeout,100
1,178,10178,Timeout,100
1,179,10179,Timeout,100
1,180,10180,Timeout,100
1,181,10181,Timeout,100
1,182,10182,Caught,43
1,183,10183,Timeout,100
1,184,10184,Timeout,100
1,185,10185,Timeout,100
1,186,10186,Timeout,100
1,187,10187,Timeout,100
1,188,10188,Caught,50
1,189,10189,Timeout,100
1,190,10190,Timeout,100
1,191,10191,Timeout,100
1,192,10192,Timeout,100
1,193,10193,Timeout,100
1,194,10194,Timeout,100
1,195,10195,Caught,55
1,196,10196,Timeout,100
1,197,10197,Timeout,100
1,198,10198,Timeout,100
1,199,10199,Timeout,100
2,0,10000,Timeout,100
2,1,10001,Timeout,100
2,2,10002,Timeout,100
2,3,10003,Timeout,100
2,4,10004,Timeout,100
2,5,10005,Timeout,100
2,6,10006,Timeout,100
2,7,10007,Timeout,100
2,8,10008,Timeout,100
2,9,10009,Caught,13
2,10,10010,Timeout,100
2,11,10011,Timeout,100
2,12,10012,Timeout,100
2,13,10013,Timeout,100
2,14,10014,Timeout,100
2,15,10015,Timeout,100
2,16,10016,Timeout,100
2,17,10017,Timeout,100
2,18,10018,Timeout,100
2,19,10019,Caught,18
2,20,10020,Timeout,100
2,21,10021,Timeout,100
2,22,10022,Timeout,100
2,23,10023,Timeout,100
2,24,10024,Timeout,100
2,25,10025,Timeout,100
2,26,10026,Caught,3
2,27,10027,Caught,50
2,28,10028,Timeout,100
2,29,10029,Caught,70
2,30,10030,Timeout,100
2,31,10031,Timeout,100
2,32,10032,Caught,65
2,33,10033,Timeout,100
2,34,10034,Timeout,100
2,35,10035,Timeout,100
2,36,10036,Caught,68
2,37,10037,Caught,16
2,38,10038,Timeout,100
2,39,10039,Caught,96
2,40,10040,Timeout,100
2,41,10041,Caught,91
2,42,10042,Timeout,100
2,43,10043,Timeout,100
2,44,10044,Timeout,100
2,45,10045,Caught,70
2,46,10046,Timeout,100
2,47,10047,Caught,28
2,48,10048,Timeout,100
2,49,10049,Caught,18
2,50,10050,Timeout,100
2,51,10051,Timeout,100
2,52,10052,Timeout,100
2,53,10053,Timeout,100
2,54,10054,Timeout,100
2,55,10055,Timeout,100
2,56,10056,Timeout,100
2,57,10057,Timeout,100
2,58,10058,Timeout,100
2,59,10059,Timeout,100
2,60,10060,GoalReached,80
2,61,10061,Timeout,100
2,62,10062,Timeout,100
2,63,10063,Timeout,100
2,64,10064,Timeout,100
2,65,10065,Timeout,100
2,66,10066,Timeout,100
2,67,10067,Timeout,100
2,68,10068,Timeout,100
2,69,10069,Timeout,100
2,70,10070,Timeout,100
2,71,10071,GoalReached,99
2,72,10072,Timeout,100
2,73,10073,Timeout,100
2,74,10074,Timeout,100
2,75,10075,Timeout,100
2,76,10076,Timeout,100
2,77,10077,Timeout,100
2,78,10078,Timeout,100
2,79,10079,Timeout,100
2,80,10080,Timeout,100
2,81,10081,Timeout,100
2,82,10082,Timeout,100
2,83,10083,Timeout,100
2,84,10084,Timeout,100
2,85,10085,Caught,1
2,86,10086,Timeout,100
2,87,10087,Timeout,100
2,88,10088,Timeout,100
2,89,10089,Timeout,100
2,90,10090,Timeout,100
2,91,10091,Timeout,100
2,92,10092,Caught,3
2,93,10093,Timeout,100
2,94,10094,Timeout,100
2,95,10095,Timeout,100
2,96,10096,Timeout,100
2,97,10097,Caught,34
2,98,10098,Timeout,100
2,99,10099,Timeout,100
2,100,10100,Timeout,100
2,101,10101,Timeout,100
2,102,10102,Timeout,100
2,103,10103,Timeout,100
2,104,10104,Timeout,100
2,105,10105,Timeout,100
2,106,10106,Caught,69
2,107,10107,Timeout,100
2,108,10108,Timeout,100
2,109,10109,Timeout,100
2,110,10110,Timeout,100
2,111,10111,Timeout,100
2,112,10112,Timeout,100
2,113,10113,Timeout,100
2,114,10114,Caught,93
2,115,10115,Caught,60
2,116,10116,Timeout,100
2,117,10117,Timeout,100
2,118,10118,Timeout,100
2,119,10119,Timeout,100
2,120,10120,Timeout,100
2,121,10121,GoalReached,54
2,122,10122,Timeout,100
2,123,10123,Timeout,100
2,124,10124,Timeout,100
2,125,10125,Caught,35
2,126,10126,Timeout,100
2,127,10127,Timeout,100
2,128,10128,Timeout,100
2,129,10129,Timeout,100
2,130,10130,Timeout,100
2,131,10131,Timeout,100
2,132,10132,Timeout,100
2,133,10133,Timeout,100
2,134,10134,Timeout,100
2,135,10135,Timeout,100
2,136,10136,Caught,7
2,137,10137,GoalReached,68
2,138,10138,Caught,40
2,139,10139,Timeout,100
2,140,10140,Timeout,100
2,141,10141,Timeout,100
2,142,10142,Caught,55
2,143,10143,Caught,8
2,144,10144,GoalReached,94
2,145,10145,Timeout,100
2,146,10146,Timeout,100
2,147,10147,Timeout,100
2,148,10148,Caught,6
2,149,10149,Timeout,100
2,150,10150,Timeout,100
2,151,10151,Timeout,100
2,152,10152,Timeout,100
2,153,10153,Timeout,100
2,154,10154,Timeout,100
2,155,10155,Timeout,100
2,156,10156,Timeout,100
2,157,10157,Caught,58
2,158,10158,Timeout,100
2,159,10159,Timeout,100
2,160,10160,Caught,43
2,161,10161,Caught,70
2,162,10162,Caught,41
2,163,10163,Caught,10
2,164,10164,Caught,73
2,165,10165,Timeout,100
2,166,10166,Timeout,100
2,167,10167,Caught,67
2,168,10168,Timeout,100
2,169,10169,Timeout,100
2,170,10170,Timeout,100
2,171,10171,Timeout,100
2,172,10172,Timeout,100
2,173,10173,Timeout,100
2,174,10174,Timeout,100
2,175,10175,Caught,32
2,176,10176,Timeout,100
2,177,10177,GoalReached,91
2,178,10178,Timeout,100
2,179,10179,Caught,41
2,180,10180,Caught,23
2,181,10181,Timeout,100
2,182,10182,Timeout,100
2,183,10183,Timeout,100
2,184,10184,Timeout,100
2,185,10185,Timeout,100
2,186,10186,Caught,98
2,187,10187,Timeout,100
2,188,10188,Timeout,100
2,189,10189,Timeout,100
2,190,10190,Timeout,100
2,191,10191,Timeout,100
2,192,10192,Timeout,100
2,193,10193,Timeout,100
2,194,10194,Timeout,100
2,195,10195,Timeout,100
2,196,10196,Timeout,100
2,197,10197,Timeout,100
2,198,10198,Timeout,100
2,199,10199,Timeout,100
3,0,10000,Timeout,100
3,1,10001,Timeout,100
3,2,10002,Timeout,100
3,3,10003,Timeout,100
3,4,10004,Timeout,100
3,5,10005,Timeout,100
3,6,10006,Timeout,100
3,7,10007,Timeout,100
3,8,10008,Timeout,100
3,9,10009,Timeout,100
3,10,10010,Timeout,100
3,11,10011,Timeout,100
3,12,10012,Timeout,100
3,13,10013,Timeout,100
3,14,10014,GoalReached,35
3,15,10015,Timeout,100
3,16,10016,Timeout,100
3,17,10017,Timeout,100
3,18,10018,Caught,91
3,19,10019,Timeout,100
3,20,10020,Timeout,100
3,21,10021,Timeout,100
3,22,10022,GoalReached,67
3,23,10023,Caught,21
3,24,10024,Timeout,100
3,25,10025,Timeout,100
3,26,10026,Caught,5
3,27,10027,Timeout,100
3,28,10028,Timeout,100
3,29,10029,GoalReached,75
3,30,10030,Timeout,100
3,31,10031,Timeout,100
3,32,10032,Timeout,100
3,33,10033,Timeout,100
3,34,10034,Timeout,100
3,35,10035,Timeout,100
3,36,10036,Caught,93
3,37,10037,Timeout,100
3,38,10038,Timeout,100
3,39,10039,Caught,37
3,40,10040,Timeout,100
3,41,10041,GoalReached,45
3,42,10042,Timeout,100
3,43,10043,Timeout,100
3,44,10044,Caught,10
3,45,10045,Timeout,100
3,46,10046,Caught,43
3,47,10047,Timeout,100
3,48,10048,Caught,24
3,49,10049,Caught,36
3,50,10050,Timeout,100
3,51,10051,Timeout,100
3,52,10052,Timeout,100
3,53,10053,Timeout,100
3,54,10054,Timeout,100
3,55,10055,Timeout,100
3,56,10056,Timeout,100
3,57,10057,Timeout,100
3,58,10058,Timeout,100
3,59,10059,Timeout,100
3,60,10060,Timeout,100
3,61,10061,Timeout,100
3,62,10062,Timeout,100
3,63,10063,Timeout,100
3,64,10064,Timeout,100
3,65,10065,Timeout,100
3,66,10066,Timeout,100
3,67,10067,Timeout,100
3,68,10068,Timeout,100
3,69,10069,Timeout,100
3,70,10070,Timeout,100
3,71,10071,Timeout,100
3,72,10072,Timeout,100
3,73,10073,Timeout,100
3,74,10074,Timeout,100
3,75,10075,Timeout,100
3,76,10076,Caught,11
3,77,10077,Timeout,100
3,78,10078,GoalReached,72
3,79,10079,Timeout,100
3,80,10080,Timeout,100
3,81,10081,Timeout,100
3,82,10082,Timeout,100
3,83,10083,Caught,83
3,84,10084,Timeout,100
3,85,10085,Timeout,100
3,86,10086,Timeout,100
3,87,10087,Timeout,100
3,88,10088,Timeout,100
3,89,10089,Timeout,100
3,90,10090,Timeout,100
3,91,10091,Timeout,100
3,92,10092,Timeout,100
3,93,10093,Timeout,100
3,94,10094,Caught,32
3,95,10095,Timeout,100
3,96,10096,Timeout,100
3,97,10097,Timeout,100
3,98,10098,Timeout,100
3,99,10099,Timeout,100
3,100,10100,Timeout,100
3,101,10101,Timeout,100
3,102,10102,Timeout,100
3,103,10103,Timeout,100
3,104,10104,Timeout,100
3,105,10105,Timeout,100
3,106,10106,Caught,37
3,107,10107,Timeout,100
3,108,10108,Timeout,100
3,109,10109,Caught,13
3,110,10110,Timeout,100
3,111,10111,Timeout,100
3,112,10112,Timeout,100
3,113,10113,Caught,5
3,114,10114,Caught,64
3,115,10115,Timeout,100
3,116,10116,Caught,22
3,117,10117,Timeout,100
3,118,10118,Caught,52
3,119,10119,Timeout,100
3,120,10120,Timeout,100
3,121,10121,Timeout,100
3,122,10122,Timeout,100
3,123,10123,Timeout,100
3,124,10124,Timeout,100
3,125,10125,Caught,17
3,126,10126,Timeout,100
3,127,10127,Caught,62
3,128,10128,Timeout,100
3,129,10129,Timeout,100
3,130,10130,Timeout,100
3,131,10131,Timeout,100
3,132,10132,Timeout,100
3,133,10133,Timeout,100
3,134,10134,Caught,27
3,135,10135,Timeout,100
3,136,10136,Caught,11
3,137,10137,Timeout,100
3,138,10138,Caught,9
3,139,10139,Timeout,100
3,140,10140,GoalReached,33
3,141,10141,Timeout,100
3,142,10142,Caught,74
3,143,10143,Caught,1
3,144,10144,Timeout,100
3,145,10145,Timeout,100
3,146,10146,Timeout,100
3,147,10147,Timeout,100
3,148,10148,Timeout,100
3,149,10149,Timeout,100
3,150,10150,Timeout,100
3,151,10151,Timeout,100
3,152,10152,Caught,92
3,153,10153,Timeout,100
3,154,10154,Timeout,100
3,155,10155,Timeout,100
3,156,10156,Timeout,100
3,157,10157,Timeout,100
3,158,10158,Timeout,100
3,159,10159,Timeout,100
3,160,10160,Caught,40
3,161,10161,Caught,12
3,162,10162,Timeout,100
3,163,10163,Caught,3
3,164,10164,Timeout,100
3,165,10165,Timeout,100
3,166,10166,Timeout,100
3,167,10167,Timeout,100
3,168,10168,Timeout,100
3,169,10169,Timeout,100
3,170,10170,Timeout,100
3,171,10171,Timeout,100
3,172,10172,Timeout,100
3,173,10173,Timeout,100
3,174,10174,Timeout,100
3,175,10175,Caught,79
3,176,10176,Timeout,100
3,177,10177,Timeout,100
3,178,10178,Timeout,100
3,179,10179,Caught,78
3,180,10180,Timeout,100
3,181,10181,Timeout,100
3,182,10182,Timeout,100
3,183,10183,Timeout,100
3,184,10184,Timeout,100
3,185,10185,Timeout,100
3,186,10186,Timeout,100
3,187,10187,Timeout,100
3,188,10188,Caught,13
3,189,10189,Timeout,100
3,190,10190,Timeout,100
3,191,10191,Caught,81
3,192,10192,Caught,39
3,193,10193,GoalReached,78
3,194,10194,Timeout,100
3,195,10195,Timeout,100
3,196,10196,Timeout,100
3,197,10197,Timeout,100
3,198,10198,Timeout,100
3,199,10199,Timeout,100
4,0,10000,Timeout,100
4,1,10001,Timeout,100
4,2,10002,Timeout,100
4,3,10003,Timeout,100
4,4,10004,Timeout,100
4,5,10005,Timeout,100
4,6,10006,Timeout,100
4,7,10007,Timeout,100
4,8,10008,Timeout,100
4,9,10009,Caught,31
4,10,10010,Caught,66
4,11,10011,Timeout,100
4,12,10012,Caught,81
4,13,10013,Timeout,100
4,14,10014,Timeout,100
4,15,10015,Timeout,100
4,16,10016,Timeout,100
4,17,10017,Timeout,100
4,18,10018,Timeout,100
4,19,10019,Caught,14
4,20,10020,Timeout,100
4,21,10021,Caught,71
4,22,10022,GoalReached,53
4,23,10023,Timeout,100
4,24,10024,Timeout,100
4,25,10025,Timeout,100
4,26,10026,Caught,2
4,27,10027,Caught,40
4,28,10028,Timeout,100
4,29,10029,Timeout,100
4,30,10030,Timeout,100
4,31,10031,Timeout,100
4,32,10032,Timeout,100
4,33,10033,Timeout,100
4,34,10034,Caught,88
4,35,10035,Timeout,100
4,36,10036,Timeout,100
4,37,10037,Caught,58
4,38,10038,Timeout,100
4,39,10039,Timeout,100
4,40,10040,Timeout,100
4,41,10041,Timeout,100
4,42,10042,Timeout,100
4,43,10043,Timeout,100
4,44,10044,Caught,11
4,45,10045,Caught,69
4,46,10046,Caught,44
4,47,10047,Timeout,100
4,48,10048,Timeout,100
4,49,10049,Caught,14
4,50,10050,Timeout,100
4,51,10051,Timeout,100
4,52,10052,Caught,87
4,53,10053,Timeout,100
4,54,10054,Timeout,100
4,55,10055,Timeout,100
4,56,10056,GoalReached,61
4,57,10057,Caught,46
4,58,10058,Timeout,100
4,59,10059,Timeout,100
4,60,10060,Timeout,100
4,61,10061,Caught,77
4,62,10062,Timeout,100
4,63,10063,Timeout,100
4,64,10064,Timeout,100
4,65,10065,Timeout,100
4,66,10066,Caught,69
4,67,10067,Timeout,100
4,68,10068,Caught,49
4,69,10069,Timeout,100
4,70,10070,Timeout,100
4,71,10071,Timeout,100
4,72,10072,Timeout,100
4,73,10073,Timeout,100
4,74,10074,Timeout,100
4,75,10075,Timeout,100
4,76,10076,Timeout,100
4,77,10077,Timeout,100
4,78,10078,Caught,55
4,79,10079,Timeout,100
4,80,10080,Timeout,100
4,81,10081,Timeout,100
4,82,10082,Timeout,100
4,83,10083,Timeout,100
4,84,10084,Timeout,100
4,85,10085,Caught,3
4,86,10086,Timeout,100
4,87,10087,Timeout,100
4,88,10088,Timeout,100
4,89,10089,Timeout,100
4,90,10090,Timeout,100
4,91,10091,Timeout,100
4,92,10092,Caught,15
4,93,10093,Timeout,100
4,94,10094,Caught,23
4,95,10095,Timeout,100
4,96,10096,Timeout,100
4,97,10097,Timeout,100
4,98,10098,Timeout,100
4,99,10099,Timeout,100
4,100,10100,Timeout,100
4,101,10101,Timeout,100
4,102,10102,Timeout,100
4,103,10103,Timeout,100
4,104,10104,Caught,31
4,105,10105,Timeout,100
4,106,10106,Caught,18
4,107,10107,Timeout,100
4,108,10108,Timeout,100
4,109,10109,Timeout,100
4,110,10110,Timeout,100
4,111,10111,Timeout,100
4,112,10112,Timeout,100
4,113,10113,Caught,4
4,114,10114,Caught,83
4,115,10115,Caught,23
4,116,10116,Timeout,100
4,117,10117,GoalReached,98
4,118,10118,Caught,47
4,119,10119,Caught,13
4,120,10120,Caught,48
4,121,10121,Timeout,100
4,122,10122,Timeout,100
4,123,10123,Timeout,100
4,124,10124,Timeout,100
4,125,10125,Caught,13
4,126,10126,Timeout,100
4,127,10127,Caught,63
4,128,10128,Timeout,100
4,129,10129,Timeout,100
4,130,10130,Timeout,100
4,131,10131,Caught,36
4,132,10132,Timeout,100
4,133,10133,Timeout,100
4,134,10134,Timeout,100
4,135,10135,Timeout,100
4,136,10136,Caught,15
4,137,10137,Timeout,100
4,138,10138,Caught,27
4,139,10139,Timeout,100
4,140,10140,Timeout,100
4,141,10141,Timeout,100
4,142,10142,Timeout,100
4,143,10143,Caught,13
4,144,10144,Caught,49
4,145,10145,Caught,46
4,146,10146,Timeout,100
4,147,10147,Timeout,100
4,148,10148,Timeout,100
4,149,10149,Timeout,100
4,150,10150,Timeout,100
4,151,10151,Timeout,100
4,152,10152,Timeout,100
4,153,10153,Timeout,100
4,154,10154,Timeout,100
4,155,10155,Timeout,100
4,156,10156,Timeout,100
4,157,10157,Timeout,100
4,158,10158,Timeout,100
4,159,10159,Timeout,100
4,160,10160,Caught,71
4,161,10161,Timeout,100
4,162,10162,Timeout,100
4,163,10163,Timeout,100
4,164,10164,Timeout,100
4,165,10165,Timeout,100
4,166,10166,Timeout,100
4,167,10167,Timeout,100
4,168,10168,Timeout,100
4,169,10169,Timeout,100
4,170,10170,Timeout,100
4,171,10171,Timeout,100
4,172,10172,Timeout,100
4,173,10173,Timeout,100
4,174,10174,GoalReached,69
4,175,10175,Caught,29
4,176,10176,Timeout,100
4,177,10177,Timeout,100
4,178,10178,Caught,65
4,179,10179,Caught,29
4,180,10180,Caught,19
4,181,10181,Timeout,100
4,182,10182,Caught,96
4,183,10183,Timeout,100
4,184,10184,Timeout,100
4,185,10185,Timeout,100
4,186,10186,Timeout,100
4,187,10187,Timeout,100
4,188,10188,Caught,14
4,189,10189,Timeout,100
4,190,10190,Timeout,100
4,191,10191,Timeout,100
4,192,10192,Caught,36
4,193,10193,Timeout,100
4,194,10194,Caught,94
4,195,10195,Timeout,100
4,196,10196,Timeout,100
4,197,10197,Timeout,100
4,198,10198,Timeout,100
4,199,10199,Timeout,100
